Date,Price_Forecast,Volatility_Forecast
2025-04-29 09:40:55.790716,,1.1843970914360624
2025-04-30 09:40:55.790716,,1.2140700283761066
2025-05-01 09:40:55.790716,,1.2190610872604923
2025-05-02 09:40:55.790716,,1.2199106888870916
2025-05-03 09:40:55.790716,,1.2200556001653367
2025-05-04 09:40:55.790716,,1.2200803251424361
2025-05-05 09:40:55.790716,,1.2200845439979318
2025-05-06 09:40:55.790716,,1.2200852638738986
2025-05-07 09:40:55.790716,,1.2200853867087
2025-05-08 09:40:55.790716,,1.2200854076684118
2025-05-09 09:40:55.790716,,1.2200854112448376
2025-05-10 09:40:55.790716,,1.220085411855095
2025-05-11 09:40:55.790716,,1.2200854119592253
2025-05-12 09:40:55.790716,,1.2200854119769935
2025-05-13 09:40:55.790716,,1.2200854119800253
2025-05-14 09:40:55.790716,,1.2200854119805427
2025-05-15 09:40:55.790716,,1.2200854119806308
2025-05-16 09:40:55.790716,,1.220085411980646
2025-05-17 09:40:55.790716,,1.2200854119806486
2025-05-18 09:40:55.790716,,1.220085411980649
2025-05-19 09:40:55.790716,,1.220085411980649
2025-05-20 09:40:55.790716,,1.220085411980649
2025-05-21 09:40:55.790716,,1.220085411980649
2025-05-22 09:40:55.790716,,1.220085411980649
2025-05-23 09:40:55.790716,,1.220085411980649
2025-05-24 09:40:55.790716,,1.220085411980649
2025-05-25 09:40:55.790716,,1.220085411980649
2025-05-26 09:40:55.790716,,1.220085411980649
2025-05-27 09:40:55.790716,,1.220085411980649
2025-05-28 09:40:55.790716,,1.220085411980649
